日文,繁體中文
すみっコぐらし,角落小夥伴
ディズニー,迪士尼
ペルソナ,女神異聞錄
おしりたんてい,屁屁偵探
鬼滅の刃,鬼滅之刃
サンリオ,三麗鷗
ポケットモンスター,寶可夢
プーさん,小熊維尼
スヌーピー,史努比
初音ミク,初音未來
ワンピース,ONE PIECE
カービィ,星之卡比
シナモロール,大耳狗
トミカ,Tomica
僕のヒーローアカデミア,我的英雄學院
ドラえもん,哆啦A夢
ソードアート・オンライン,刀劍神域
Q posket,Q posket
レム,雷姆
豆しば三兄弟,豆柴三兄弟
カイリュー,拉普拉斯
ミッフィー,米菲
ヒプノシスマイク,催眠麥克風
ブランケット,毛毯
マイメロディ,美樂蒂
コウペンちゃん,正能量企鵝
ゼニガメ,傑尼龜
ドラゴンクエスト,勇者鬥惡龍
リュック,背包
ミニオン,小小兵
MARVEL,漫威
クッション,抱枕
クレヨンしんちゃん,蠟筆小新
助六の日常,倉鼠助六的日常
ジブリ,吉卜力
ふなっしー,船梨精
たるしば,TARUSHIBA
ヒトカゲ,小火龍
セーラームーン,美少女戰士
プリキュア,光之美少女
あんさんぶるスターズ！,偶像夢幻祭
ポムポムプリン,布丁狗
いーすとけん,麵包胖胖犬
ラブライブ！,Love Live!
アナと雪の女王,冰雪奇緣
トイストーリー,玩具總動員
ハリー・ポッター,哈利波特
ポチャッコ,帕恰狗
ぽてうさろっぴー,垂耳兔
名探偵コナン,名偵探柯南
ピカチュウ,皮卡丘
ディズニープリンセス,迪士尼公主
忠犬もちしば,忠犬麻薯柴犬
たれぱんだ,趴趴熊貓
チコちゃんに叱られる！,知子醬開罵！
アイドリッシュセブン,IDOLiSH7-偶像星願-
ご注文はうさぎですか,請問您今天要來點兔子嗎？
BanG Dream! ,BanG Dream!
"バンドリ！　ガールズバンドパーティ！
BanG Dream! 　ガールズバンドパーティ！",BanG Dream! 少女樂團派對！
おしゅし,小小壽司
キズナアイ,絆愛
仮面ライダー,假面騎士
Re:ゼロから始める異世界生活,Re:從零開始的異世界生活
ミッキー,米奇
ハローキティ,Hello Kitty
ぐでたま,蛋黃哥
となりの宇宙人,隔壁的外星人
くたいぬビリー,疲憊狗狗比利
ひげまんじゅう,鬍子饅頭貓
ラスカル,小浣熊
ぞくぞく恐竜時代,恐龍時代
毎日でぶどり,Everyday DEBUDORI
五等分の花嫁,五等分的新娘
サメーズ,鯊魚哥
私、能力は平均値でって言ったよね！,我不是說了能力要平均值嗎？
ライフル・イズ・ビューティフル,美妙射擊部
どこでもいっしょ,隨身玩伴 
犬と猫どっちも飼ってると毎日たのしい,養貓養狗開心每日
コッペくん,怪熊君
Ｆａｔｅ／Ｇｒａｎｄ Ｏｒｄｅｒ －絶対魔獣戦線バビロニア－,Fate/Grand Order-絕對魔獸戰線巴比倫尼亞-
ヨッシースタンプ,YOSISTAMP
パウ・パトロール,汪汪隊立大功
カードキャプターさくら,庫洛魔法使
チュンまんが,胖啾漫畫
ファイナルファンタジー,最終幻想
艦隊これくしょん－艦これー,艦隊Collection -艦Colle-
キテレツ大百科,奇天烈大百科
ピングー,企鵝家族
チャックスＧＰ いたずらぐまのグル～ミ～,CHAX GP 暴力熊Gloomy~
ルーニー・テューンズ,樂一通
ロード・エルメロイⅡ世の事件簿 －魔眼蒐集列車,艾梅洛閣下II世事件簿 Grace note-
ダンベル何キロ持てる？,流汗吧！健身少女
グレムリン ギズモ,小精靈 Gizmo
ズートピア,動物方城市
２分の１の魔法,1/2的魔法
とんすけ＆ミス・バニー,桑普兔&邦妮兔
ワンワンとうーたん♪,汪汪和烏糖♪
ラプンツェル,魔髮奇緣
つぶらな瞳の水族館,圓圓大眼水族館
えほんのわんこ,繪本之犬
毛玉犬,毛球狗
お酒好きが集まるお店,名酒專賣店
モンスターストライク,怪物彈珠
文豪ストレイドッグス,文豪野犬
ＺＯＩＤＳ ゾイドワイルド,ZOIDS 機獸新世紀ZOIDS WILD
かぐや様は告らせたい,輝夜姬想讓人告白
,
ゆるうさぎ,YURUUSAG
カピバラさん,水豚君
シャクレルプラネット,戽斗星球
かえるのピクルス,微笑蛙pickles
ぬーどるストッパー,壓杯面
ともだちはくま,我的朋友是熊
自分ツッコミくま,自我吐槽熊
,
織田シナモン信長,織田肉桂信長
ねむネコ,瞌睡貓
１００万円貯まるカウントバンク,百萬日元儲蓄罐
アクリル,壓克力
ガンダム,GUNDAM
身勝手の極意,自在極意功
うちタマ？！うちのタマ知りませんか？,家有圓圓？！ ～我家的圓圓妳知道嗎～
恋する小惑星,戀愛中的小行星
からめる,Karameru
ちみたん,Chimitan
１００日後に死ぬワニ,100天後就會死的鱷魚
仮面ライダーゼロワン,假面騎士ZERO-ONE
みいつけた！,找到啦！
スキウサギ,喜愛兔
リトルツインスターズ,雙星仙子
ハムちゃんず,哈姆好友
こんなこいるかな,調皮怪小孩
マシュマロアニマル,滾滾小動物
ねむねむアニマルズ,甜夢小動物
フラッフィーアニマル,毛茸茸小動物
トリピカルズ,熱帶水果鳥
どうぶつの森,動物森友會
可愛い嘘のカワウソ,小玩笑小水獺
アルパカッソ,彩虹羊駝
パオパオ原始時代,趴窩原始時代
もふっとオオカミが来たよ,毛絨小小狼
ことり隊,小鳥聯隊
はらぺこあおむし,好餓的毛毛蟲
おジャ魔女どれみ,小魔女DoReMi
シマエナガ,銀喉長尾山雀
ふくふくシマエナガ,軟軟銀喉長尾山雀
にしむらゆうじ,Nishimura Yuji 西村裕二
ウーパールーパー,六角恐龍
おしゅしだよ,脫力系壽司
靴下にゃんこ,靴下貓
ゆるりんぱんだ,悠閒熊貓
仕事猫,工作貓
布小物作家,布藝小物作家gyutto
ブルーロック,藍色監獄
俺、つしま,叫我對大哥
ぷくぷくたい,胖胖鯛魚燒
僕の心のヤバイやつ,我內心的糟糕念頭
なりきりごっこあそびセット,家家酒系列
シュリンクパック,Shrink Pack
バブルヘッドドール,BOBBLE HEAD
カルビー ポテトチップス,卡樂比洋芋片
エリエール,日本大王elleair
食べ比べ,美味比較
フィグライフ,Figure Life
カピバラさん,Kapibarasan水豚君
がおぱわるぅ,Gaopowerroo
のっかりフィギュア付マグ,杯緣子馬克杯
のっかりフィギュア付茶碗,杯緣子茶碗
ころはむコロン,圓滾滾倉鼠
アクセサリースタンド,飾品展示架
デココレ,Deco Collection
プリフェイスぬいぐるみ,可愛玩偶
吊り下げミックスラムネ,吊裝汽水糖
キャラパキ,Charapaki 拼圖巧克力
ステップチェア,墊高椅
りるくま,熊熊
もちぴこ,MOCHIPICO
ふりむき,回頭看
 モノトーン,monotone
フルアクションデフォルメフィギュア,可動模型
ンめねこ,nmeneko
プラチナムザッカブランケット,鉑金Zakka毯子
ファービー,菲比精靈
窓付き収納ボックス,帶窗收納盒
リムル＝テンペスト,利姆路・坦派斯特
シンプソンズ,利姆路・坦派斯特
ニャトラン,托尼
キュアスパークル,"閃亮天使
平光香葵"
キュアアース,"大地天使
風鈴明日美"
ムーミン,嚕嚕米
ヒーリングっど♥プリキュア,愉快治癒♥光之美少女
スター☆トゥインクルプリキュア,星光閃亮☆光之美少女
おそ松さん,小松先生
ｔｅｄ,熊麻吉
ペッパピッグ,粉紅豬小妹
マイリトルポニー,彩虹小馬
呪術廻戦,咒術廻戰
モンスターハンター,魔物獵人
ランボルギーニ,藍寶堅尼
マリオ,瑪利歐
カーズ,Cars
ドラゴンボール,七龍珠
おさるのジョージ,好奇的喬治
アンパンマン,麵包超人
リラックマ,拉拉熊
ひつじのショーン,笑笑羊
チェブラーシカ,大耳查布
スパイダーマン,蜘蛛人
アイアンマン,鋼鐵人
きかんしゃトーマス,湯瑪士小火車
Ｍｉｎｉｏｎｓ　ＴＨＥ　ＲＩＳＥ　ＯＦ　ＧＲＵ,小小兵2：格魯的崛起
トムとジェリー,湯姆貓和傑利鼠
無能なナナ,無能力者娜娜
やはり俺の青春ラブコメはまちがっている。完,果然我的青春戀愛喜劇搞錯了。完
ランプドアランジーナ,阿蘭吉娜的神燈
プリンセスコネクト！Ｒｅ：Ｄｉｖｅ,超異域公主連結☆Re:Dive
冴えない彼女の育てかた,不起眼女主角培育法
いないいないばあっ!,遊戲捉迷藏
ぷよぷよ,魔法氣泡
ロン　僕のポンコツ,失靈腦朋友
ちいかわ,吉伊卡哇
,
もちぷに水族館しゅーごーぬいぐるみ,軟萌水族館集合！玩偶
しろまる,小白
いらすとや,Irasutoya
ゆるいキャラ図鑑,輕鬆角色圖鑑
チェブラーシカ,大耳查布
シャクレルプラネットブラックブタ,戽斗星球
もちもちイルカさんおねんね,軟萌海豚
,
くったりまだこ,悠閒章魚玩偶
アミュキャランドマスコット入りポーチ,AMUCHA LAND 帶玩偶收納包
★くったりシャチ,悠閒虎鯨
ガブッチョわにくんアミーゴ,咬咬鱷魚玩偶
つみっこきょうりゅうじだい,恐龍時代
しばんばん,恐龍時代
,
弱キャラ友崎くん,弱角友崎同學
すばらしきこのせかい　Ｔｈｅ　Ａｎｉｍａｔｉｏｎ,美麗新世界
スーパーマリオ　,超級瑪利歐
テレサ,泰雷沙
エロマンガ先生,情色漫畫老師
五等分の花嫁∬,五等分的新娘∬
デビィ・ザ・コルシファは負けず嫌い,Debby・the・Corsifa討厭認輸
タヌキとキツネ,小狸猫和小狐狸
たべっ子,動物小餅乾
たっちぃＺＯＯ,Tacchi ZOO
ジャッキーのゆめ,傑琪的夢想
はぴだんぶい,HAPIDANBUI
ゆるりんぱんだ,Yururin Panda
ぽっちゃりらいふ ぶたさん,胖胖生活 豬豬先生
ガチャピン,卡查比
ごろりん,圓滾滾
ムック,姆克
8分の1斗缶,罐裝
いれいす,Ireisu
うさぎにゃん,兔兔喵
ガッチマンV,GATCHMAN V
ハッピーターン,Happy Turn
マシュ・キリエライト,瑪修‧基利艾拉特
ワドルディ,瓦豆魯迪
ごろごろにゃんすけ,懶洋洋喵之助
エモきゅん,水汪汪眼
あひるのペックル,貝克鴨
おふとんクッション,棉被抱枕
ひざかけフリース,披肩
ダイヤペット,Diapet
なんでもいきもの,各式生物
ペアぬいぐるみ,一對玩偶
エスターバニー,艾絲樂小兔
パステルカラー,柔和色調
ロリイタ,蘿莉塔
ふにゅまる,FUNYUMARU
羊毛フェルト風,羊毛氈風格
パンパンくんの日常,Panpan君之日常
うるうるおめめ,水潤眼神
お片付けバッグ,收納袋
ぴょこきゅんシュシュ,髮圈
ハイチュウ,HI-CHEW 軟糖
プチエットフィギュア,公仔
COBデスクライト,COB檯燈
ポケットトミカ　ビッグシリーズ　おかたづけパトカー,Pocket Tomica 警車收納盒
すこぶる動くウサギ,超級好動的小兔子
恐竜生活じゅらどん,恐龍生活 JYURADON
,
パイプBOX,圓筒裝
バーレルBOX,桶裝
アソートパック,綜合分享包
ティム,Tim
ボブ,鮑勃
プチラマシリーズ,PETITRAMA
フラガリアメモリーズ,Fragaria Memories
はなまるおばけ,花丸小怪
ジュートコットン,Jute cotton
ジャガードタイプ,提花織物
プレミアム ,Premium
スーパープレミアム,SPM
ポケットトミカ,Pocket Tomica
竈門炭治郎,灶门炭治郎
竈門禰豆子,灶门祢豆子
我妻善逸,我妻善逸
嘴平伊之助,嘴平伊之助
栗花落カナヲ,栗花落香奈乎
不死川玄弥,不死川玄弥
産屋敷耀哉,不死川玄弥
冨岡義勇,富冈义勇
胡蝶しのぶ,蝴蝶忍
煉󠄁獄杏寿郎,炼狱杏寿郎
宇髄天元,宇髄天元
時透無一郎,时透无一郎
甘露寺蜜璃,甘露寺蜜璃
伊黒小芭内,伊黑小芭内
不死川実弥,不死川实弥
悲鳴嶼行冥,悲鸣屿行冥
鬼舞辻無惨,鬼舞辻无惨
プレシャス,Precious
大人買いBOX,人氣盒裝
ぱすきゃら,大圓眼造型
マルチクロス,印花布/多用途蓋布
とんがりコーン,香脆牛角玉米餅
,
インテリア,interior
新規スタイルガイド,新風格style guide
クッピーラムネ,Cuppy Ramune
じんべえさん,鯨鯊桑
コーデュロ,灯芯绒
マイヤー毛布,毯子
保冷バッグ付きランチボックス,帶保冷袋便當盒
コロっとまんまる,圓滾滾玩偶
ドリームトミカＳＰ,Dream Tomica
デザインアートパネル,裝飾掛板
温度センサー付きステンレスボトル,測溫不鏽鋼瓶
ぺたん娘トレーディングラバーストラップ,坐姿角色橡膠掛飾
,
ラウンドクッション,坐墊
ソフビ Soft Vinyl,軟膠
ラングドシャ,貓舌夾心餅乾
,
布小物作家ぎゅっと。,布小物作家 Gyutto。
キャラクターアソート,可愛角色
カラフルピーチ,Colorful Peach
モアプラス,moreplus
ねないこだれだ,是誰還不睡覺
,
らっこいぬ,Rakkoinu
しろたん,海豹小白
まめゴマ,掌上萌寶小海豹
おでかけ子ザメ,小鯊鯊出門去
ニャッキ!,毛毛蟲KNYACKI!
ちこまる,倉鼠小丸
たべっ子どうぶつ,動物小餅乾
タイマークロック,時鐘計時器
べじまる,圓滾滾蔬菜
まいぜんシスターズ,Maizen Sisters
ぜんいち,Zenichi
 ,
がんばれ!コッペパンわに,加油!餐包鱷魚
ころはむ,圓滾滾倉鼠
ビニール,PVC
ブルブルギミック,震動玩偶
ちぎりポメ,軟綿博美餐包
ヨッシースタンプ ,YOSISTAMP
,
ひざかけっと,
ブリキ缶,收納鐵罐
サコッシュ,斜背包
ジャンクモール,Junk Mall
メラミン,美耐皿
天使なえびてん,天使炸蝦尾
んぽちゃむ,嗯珀茶姆
たっちぃZoo,Tacchi ZOO
おばちぇ,Obache
マイクポップコーン,Mike Popcorn
すわっちぃZoo すわっちぃZOO,坐姿 ZOO
,
むにゅまる,丸子頭
ガチャピン,Gachapin
ムック,Mukku
,
ゆるいすいぞくかん,Yurui 水族館
モンターナ,Montagna
ムクムクむっくん,MUKUMUKU MUKKUN
ゴブランクッション,刺繡抱枕
コアラ絵日記,無尾熊繪圖日記
ハンギョドン,人魚漢頓
ログストーリーズ,Log Stories
ルームライト,臥室燈
ライト付き加湿器,夜燈加濕器
ハンドパペット,手偶
キャラクタースペシャルアソート フランネルボアブランケット,角色 法蘭絨毯子
フランネルボアブランケット,法蘭絨毯子
少年アシベ,少年阿貝
リムル=テンペスト,利姆路・坦派斯特
わるめのねこ,壞貓咪
こもれびキャンプ,林間隙光露營
どむぞうくん,Dom象
あなたとまどろむ,與你入眠
コップ付きステンレス水筒,杯蓋型不鏽鋼杯
きのこの山たけのこの里,蘑菇山竹筍里
フェイスタオル,洗臉毛巾
グル~ミ~,Gloomy Bear
エデンズゼロ,EDENS ZERO伊甸星原
らぶいーず,Loveeez
ゆらゆらタンブラー,圓底玻璃杯
恐竜はじめました,恐龍新生活
キャンプス,Campus
シン・エヴァンゲリオン劇場版,新世紀福音戰士劇場版
おにうめ,oniume
タイニーチャム,Tiny Chum
イレイナ,伊蕾娜
ミッキー&フレンズ,米奇與朋友
チェゴシム,Choigosim
ほわぬい,玩偶吊飾
ぬいぐるみモップ,絨毛刷玩偶
ぷくっと,嘟嘟嘴
ふるえっと,Furuetto
おてのりましゅもっち,掌中玩偶
柿の種,柿種
ミッドナイトエンジェル,Midnight Angel
バルーンバッグ,手提包
いしよわちゃん,Ishiyowachan
マルチケース,收納包
モコフレンズ,moko friends
デザインアートパネル,設計藝術畫
3面フレームクロックペンスタンド,3面相框時鐘
リサとガスパール,卡斯柏和麗莎
ディズニー ツイステッドワンダーランド,迪士尼扭曲仙境
くまうさ,
賞味期限,最佳食用日期
ふた付きマグカップ,
ぽぽまるず,PoPomals
フラットポーチ,拉鍊袋3件裝
チキップダンサーズ,跳跳小雞
おさるのもんきち,淘氣猴
ちょこのせ,坐姿
チョコフレーク,Choco Flakes
チョコビ,巧克比
パペットスンスン,Puppet Sunsun
サンリオキャラクターズ,三麗鷗明星角色
ココロアライグマ,Kokoro浣熊
ブルーナアニマル,Bruna 動物
プチラマ,PETITRAMA
うる星やつら,她來自煩星
スンスン,Sunsun
ふわコロりん,胖嘟嘟布偶
マルチラバーマット,多功能橡膠墊
フリース,刷毛外套
ててコレ,手牽手 可連結布偶吊飾
マルチケース,多功能收納包
ぐい呑み,酒杯
お猪口,小酒盅
型押しレザーキーケース,角色印花鑰匙包
アップリケポシェット,刺繡錢包
てのりんずコレクション,掌心娃娃
ヤンヤンつけボー,欣欣杯
タペストリー,掛軸
はぐキャラコレクション,手腳連動布偶收藏集
" ぴたれすと
PITAREST",磁吸玩偶
ゆらゆらヘッド,搖頭公仔
ねむネコ,瞌睡貓
れおなるど,Leonardo
こぎみゅん,COGIMYUN
バルーントートバッグ,大容量手提包
ツイード,粗花呢絨
ピローBOX,枕形禮物盒
ピアプロ,PIAPRO
ちびゴジラ,小哥吉拉
ナノブロック,nanoblock河田積木
プリッと,Puritto
プルバックフィギュア,玩具車模型
ニョロニョロ,樹精
カントリーマアム,Country Ma'am
消しカス,Qualia豆豆眼
キルティング,Quilting
もくもくちゃん,MOK MOK CHAN
おぱんちゅうさぎ,opanchuusagi
,
ベッキー・ブラックベル,貝琪•布萊克貝爾
ダミアン・デズモンド,達米安•戴斯蒙德
ユーリ・ブライア,尤里•布里亞爾
アーニャ・フォージャー,安妮亞•佛傑
ロイド・フォージャー,洛伊德•佛傑
ヨル・フォージャー,約兒•佛傑
ボンド・フォージャー,彭德•佛傑
プレゼント・マイク,禮物•麥克風
モンチッチ,夢奇奇Monchhichi
タイマーフィギュア,計時器
かえるのピクルス,東京小雨蛙
ナガノキャラクターズ,Nagano角色系列
ボアひざ掛け毛布,刷毛膝上毯
,
プラチナムザッカ,鉑金Zakka
もぐらコロッケ,鼴鼠可樂餅
うでまくら,暖手枕
mofusand モフサンド,貓福珊迪
マイッキー,Mikey
あさみみちゃん,Asamimichan
カナヘイの小動物,卡娜赫拉的小動物
きゅびふわねそべりぬいぐるみ,方塊坐姿玩偶
ぺたぺたみにりあん,PETAPETAMINILIAN
ぽふっと,坐姿
ほっこりいやされ ,溫暖治癒
おもちどうぶつえん,麻糬動物園
クリーパー,苦力怕
チアリーチャム,cheery chum
ラッコズ,RACCOS
たぬきゅんフレンズ,Tanuqn Friends
くったり,悠閒
缶ミラーキーホルダー,鏡子徽章鑰匙圈
コタツネコ,Kotatsu Neko
ルームウェア,居家服
ポケットティッシュカバー,袖珍面紙套
アルベド,雅兒貝德
フレンチガーリー,French Girly
ぽかんとたん,Pokantotan
ゆ菓子,點心
ポリンキー,Polinky
お菓子コンテナ,點心容器
フェイスタオル,洗臉毛巾
スリーパー,防踢背心
クオッカちゃん,短尾矮袋鼠Quokka Chan
アンデッドアンラック,不死不運
めちゃもふぐっとぬいぐるみ,柔軟玩偶
ほっこりいやされ,療癒
おぱんちゅうさぎマニア,opanchuusagi mania
シナぷしゅ,希納噗咻
収納スツール,收納椅凳
マルチバスケット,萬用籃
ペコちゃん,Peko醬
シリコンミラー,矽膠隨身鏡
マイヤーハーフケット,柔軟短毯
窓付き折りたたみ収納ケース,窗口摺疊收納箱
るろうに剣心 -明治剣客浪漫譚-,神劍闖江湖-明治劍客浪漫譚-
イーブイフレンズ,伊布Friends
もふぐっと ぱたぱたフレンズぬいぐるみ,手腳可晃動可愛玩偶
ふた付き真空ステンレスマグ,附蓋真空不銹鋼杯
ハンドル付ケース,手提箱
電動フットローラー,電動腳底按摩機
まるちょこ。,Maruchoko
マロンクリーム,MARRONCREAM
テイコウペンギン,Teikou Penguin
オバケーヌ,幽靈鬼鬼
スノーピーク,Snow Peak
ひんやりネックリング,涼感頸環
おすましポーズ,沉著表情
勝利の女神:NIKKE,勝利女神:妮姬
WIND BREAKER,WIND BREAKER—防風少年—
ねこに転生したおじさん,轉生成貓的大叔
ミッキー&ミニー,米奇&米妮
ゆるふわ,YuruFuwa
インディゴブルー,靛藍色
ダニサバタークッキー,Danisa奶油餅乾
ミニチュア,miniature
二尾の小狐てｎこ,二尾小狐TENKO
めちゃもふぐっと くつろぎタイムぬいぐるみ,小憩時光柔軟玩偶
めちゃもふぐっと ほぺぴたぬいぐるみ,貼臉頰柔軟玩偶
ボールチェーン付き,附球鏈吊飾
SUPERBIGポテトチップス,SUPERBIG洋芋片
ガーテンオブバンバン,Garten of Banban
保温保冷バッグ,保溫保冷袋
温活アニマルズ,暖呼呼動物們
インテリアライト,室內燈
フォンタブ,手機夾片
ガチャピンムック,Gachapin Mukku
はむかっぷ,Hamukappu
コンテナBOX,收納盒
ステンレス,不鏽鋼
まふてる,mafuteru
豆皿,小碟子
スーパーギガザッカ,Super Giga Zakka
ハンター×ハンター,HUNTER×HUNTER 獵人
まめきちまめこ　ニートの日常,Mamekichi Mameko 家裡蹲的日常
いろいろうまい棒ＢＩＧ缶,多種美味棒 大罐
とんがりコーンＢＩＧ缶,香脆牛角玉米餅 大罐
ＡＭ４分の１斗缶,AM 250ml罐裝
ＡＭ８分の１斗缶,AM 125ml罐裝
ケース付きブランケット,收納毯
チロルチョコ,TIROL CHOCO
はっ水マグカップ,陶瓷馬克杯
ひよこちゃん,Hiyokochan
スノーブライト,snow bride
マリー,瑪莉貓
ゆるかわ,yurukawa
ぺたぺたアヒル隊,petapeta鴨鴨隊
ふわもこ,蓬鬆
しかるねこ,壞嘴貓貓
うるせぇトリ,UruseeTORI
３点ポーチセット,小包三件套
ゆらゆらソーラー,太陽能搖擺公仔
キャスター付きワゴン,活動置物架
でふぉるむぷらす,DFORM+
べじまるフレンズ,圓滾滾蔬菜朋友
ピアプロキャラクターズ,Piapro Characters
ぽてコロマスコット,趴趴吉祥物
お買いものパンダ,樂天胖達
東海オンエア,東海正在播出
マルチクッション,多用靠枕
フィオナ・フロスト,費歐娜·弗羅斯特
ボリス,Boris
おやさい妖精さん,蔬菜妖精
ウェアラブルファン,掛脖風扇
スクイーズ,捏捏樂
コレぬい,吊飾玩偶
お文具といっしょ,與文具一起
ころりんポーズ,Kororin Pose
のばまんゲームス,Nobaman Games
キイロイトリ,小黃雞
くるみたぴぬい,動物裝布偶
ウフフィ,ufufy
アレイ,悅靈
きゅるみー,抬頭看
うさまる,兔丸
スライムベス,史萊姆貝斯
リムル＝テンペスト,利姆路・坦派斯特
シロモ,西羅摩
ほっこりモコモカ,mokomoka
くるりんしっぽ,捲捲尾巴
わんぱく,Wanpaku
デコラポップ,Decora Pop
マルチポーチ,多功能小袋
無撚系,透氣吸水
ぷくぷくたいアソートパイプ,鯛魚夾心餅乾
もちまる,Mochimaru
ねるねるねるね,Nerunerunerune
スイーツぎゅっと,sweet hug
,
求心フレンズ,求心Friends
アクアフレンズ,AQUA Friends
マルチスタンド,支架
ガルボ,galbo
ココぎゅっと,Coco Gyutto!
はこぬい,箱形玩偶
もちどるきゃっち ,坐姿玩偶
ぷちぬい,迷你布偶收藏集
エコバッグ,環保袋
巾着,束口袋
ビギナーズ,新手向
ラブライブ!蓮ノ空女学院スクールアイドルクラブ,Love Live!蓮之空女學院學園偶像俱樂部
青春ブタ野郎はバニーガール先輩の夢を見ない,青春豬頭少年不會夢到兔女郎學姊
アニまるたま,Animarutama
ひろがるスカイ!プリキュア,開闊天空!光之美少女
ぷっちょ,味覺糖Puccho
ふわふわモスちゃん,Q軟Moss醬玩偶
カギ付き缶バンク,附鎖鐵盒
チェックスタイル,格子風格
サラブレッドコレクション,純種收藏
ジャカードタオル,提花毛巾
ペーパーホルダーカバー,捲筒衛生紙套
LEDテープライト,LED 膠帶燈
うさだまちゃん,萌萌團團兔
ハーシー,Hershey's
フリルクッション,花邊抱枕
湊谷鈴ふれんず,湊谷鈴朋友
木漏れ日,林間隙光
おとまり会,過夜聚會
おかしな遊園地,點心遊樂園
温感マグカップ,熱感應馬克杯
プリントクッション,印花抱枕
ベイビーシャーク,Baby Shark
恐竜はじめました,Kyoryu Hajimemashita
トイレットペーパーホルダー,廁所衛生紙收納架
あわあわ風,泡泡風
ぬいぐるみティッシュケース,玩偶衛生紙盒套
コレクトブック,小卡相卡收納冊
ケープブランケット,披肩毯
アートヴィネット,藝術插畫
SHY,SHY靦腆英雄
チップ&デール,奇奇與蒂蒂
モーヴカラー,淡紫色
アイラブドッグス,I love dogs
タオルチーフ,毛巾手帕
ルームシューズ,臥室鞋
キットカット,KitKat
セリフ付きマスコット,
ギフトBOX,盒裝
マルチバケット,多用置物籃
おもしろ雑貨,有趣的雜貨
キャラメルポーチ,收納包
ショルダーポシェット,
ぷくっと,Pukutto
ラッピー,Rappy
かいけつゾロリ,怪俠佐羅利
アイリスオーヤマ,IRIS OHYAMA
ロングポーチ,長型收納袋
ムジークタイガー,MUZIKTIGER
おおきなSOFVIMATES,大公仔 SOFVIMATES
トガヒミコ,渡我被身子
マルチBOX,多功能收納盒
プンちゃん,小潘
ゆるっとアミューズメント,悠閒玩樂
ぽってり,（不翻譯）
,
ビジュアルアートプレート,Visual Art Plate
スタンド付きアクリルフォトスティック,壓克力自拍棒
ショルダー付シリコンポーチ,矽膠包
とちとちとっちーず,土地出售圖鑑
ゆる☆ぎ☆お,YURU-GI-OH~遊戲王
めちゃもふぐっと ほっこりいやされぬいぐるみ,溫暖治癒柔軟玩偶
めちゃもふぐっと カラーセレクション,顏色選擇玩偶
もふぐっと しっぽみてみて!,看看尾巴!柔軟玩偶